Name,canopy_cov,count
Celtis australis,42.336186770428014,1028
Aesculus hippocastanum,40.88691910499139,581
Carpinus betulus,13.54589552238806,536
Tilia cordata,19.849115913555995,509
Platanus x hispanica,102.36274900398406,502
Tilia x europaea,33.69787685774947,471
Acer campestre,11.875764192139739,458
Cupressus,4.4907268170426065,399
Sophora japonica,39.656648936170214,376
Prunus cerasifera,13.300571428571429,350
