Name,canopy_cov,count
Celtis australis,42.336186770427965,1028
Aesculus hippocastanum,40.886919104991165,581
Carpinus betulus,13.545895522388207,536
Tilia cordata,19.849115913556044,509
Platanus x hispanica,102.36274900398422,502
Tilia x europaea,33.697876857749485,471
Acer campestre,11.875764192139782,458
Cupressus,4.490726817042577,399
Sophora japonica,39.656648936170185,376
Prunus cerasifera,13.30057142857147,350
